,date,fund_code,fund_value_tile,fund_size_tile,fund_m1ret,fund_m2ret,fund_m3ret,fund_m4ret,fund_m5ret,fund_m6ret,fund_aum,Beta,BookToPrice,EarningsYield,Growth,Leverage,Liquidity,Momentum,NonlinearSize,ResidualVolatility,Size,fund_cat_1m,fund_cat_3m,fund_cat_6m,macro_term_spreads_5Y1Y,macro_term_spreads_10Y3M,macro_default_spreads,macro_short_yields_nominal,macro_long_ yields_nominal,macro_short_yields_real,macro_long_ yields_real,fund_inflow,fund_inflow_shift,消费_当期占比,稳定_当期占比,金融_当期占比,周期_当期占比,成长_当期占比,周期_过去1年平均占比,成长_过去1年平均占比,消费_过去1年平均占比,稳定_过去1年平均占比,金融_过去1年平均占比,周期_历史以来平均占比,成长_历史以来平均占比,消费_历史以来平均占比,稳定_历史以来平均占比,金融_历史以来平均占比,stock_code,fund_stock_mv,fund_stock_sh,fund_stock_mv_lag1,fund_stock_sh_lag1,fund_stock_mv_lag2,fund_stock_sh_lag2,fund_stock_mv_lag3,fund_stock_sh_lag3,fund_stock_mv_lag4,fund_stock_sh_lag4,fund_stock_mv_lag5,fund_stock_sh_lag5,fund_stock_mv_lag6,fund_stock_sh_lag6,id,同类持有该股票的总市值(亿元),同类持有该股票的平均比例,同类增持比例,同类维持持仓比例,同类减持比例,增减持-绝对变化,增减持-相对变化
0,2015-03-31,000001.OF,0.1671098104495807,-0.26880507141314475,0.1705246,0.23333323,0.28777575,0.2921636,0.33243918,0.3454703,7724351124.16,-0.5896504939959648,-0.5346061815180502,-0.6985633647544065,-0.13024406082369722,-0.5798567003635975,0.3097418407264989,0.19139709363511584,-0.02630696331897487,0.14407561645833086,-1.810232788910121,0.352112676056338,0.352112676056338,0.22535211267605634,0.002389,0.00381,0.020855000000000002,0.036076000000000004,0.036483,0.031421000000000004,0.031828,-430017109.55173117,-620661548.1856253,0.2423994890982275,0.1073814595287861,0.1407148824348193,0.2081307861541863,0.22634015792412226,0.17890972615367315,0.2973439723595436,0.2702269560116463,0.06883045237959941,0.1175733494961391,0.26709857270772275,0.16276674110596345,0.26398630422328323,0.06681625269746526,0.19897078002764587,000601.SZ,64789852.0,10999975.0,0.0,0.0,0.0,0.0,0.0,0.0,0.0,0.0,0.0,0.0,0.0,0.0,21.0,0.7678307075,0.0049557850936997,0.2,0.8,0.0,-0.0018047467,-0.13974422
1,2015-03-31,000001.OF,0.1671098104495807,-0.26880507141314475,0.1705246,0.23333323,0.28777575,0.2921636,0.33243918,0.3454703,7724351124.16,-0.5896504939959648,-0.5346061815180502,-0.6985633647544065,-0.13024406082369722,-0.5798567003635975,0.3097418407264989,0.19139709363511584,-0.02630696331897487,0.14407561645833086,-1.810232788910121,0.352112676056338,0.352112676056338,0.22535211267605634,0.002389,0.00381,0.020855000000000002,0.036076000000000004,0.036483,0.031421000000000004,0.031828,-430017109.55173117,-620661548.1856253,0.2423994890982275,0.1073814595287861,0.1407148824348193,0.2081307861541863,0.22634015792412226,0.17890972615367315,0.2973439723595436,0.2702269560116463,0.06883045237959941,0.1175733494961391,0.26709857270772275,0.16276674110596345,0.26398630422328323,0.06681625269746526,0.19897078002764587,601718.SH,63499960.0,9999994.0,0.0,0.0,0.0,0.0,0.0,0.0,0.0,0.0,0.0,0.0,0.0,0.0,22.0,0.634999619,0.0126575286792044,1.0,0.0,0.0,0.0008509597,0.06722951
2,2015-03-31,000001.OF,0.1671098104495807,-0.26880507141314475,0.1705246,0.23333323,0.28777575,0.2921636,0.33243918,0.3454703,7724351124.16,-0.5896504939959648,-0.5346061815180502,-0.6985633647544065,-0.13024406082369722,-0.5798567003635975,0.3097418407264989,0.19139709363511584,-0.02630696331897487,0.14407561645833086,-1.810232788910121,0.352112676056338,0.352112676056338,0.22535211267605634,0.002389,0.00381,0.020855000000000002,0.036076000000000004,0.036483,0.031421000000000004,0.031828,-430017109.55173117,-620661548.1856253,0.2423994890982275,0.1073814595287861,0.1407148824348193,0.2081307861541863,0.22634015792412226,0.17890972615367315,0.2973439723595436,0.2702269560116463,0.06883045237959941,0.1175733494961391,0.26709857270772275,0.16276674110596345,0.26398630422328323,0.06681625269746526,0.19897078002764587,600795.SH,55559560.0,11999905.0,0.0,0.0,0.0,0.0,54287230.0,23810188.0,0.0,0.0,0.0,0.0,0.0,0.0,23.0,0.6383753715,0.0077829952276760594,0.4,0.6,0.0,-0.011074758,-1.0
3,2015-03-31,000001.OF,0.1671098104495807,-0.26880507141314475,0.1705246,0.23333323,0.28777575,0.2921636,0.33243918,0.3454703,7724351124.16,-0.5896504939959648,-0.5346061815180502,-0.6985633647544065,-0.13024406082369722,-0.5798567003635975,0.3097418407264989,0.19139709363511584,-0.02630696331897487,0.14407561645833086,-1.810232788910121,0.352112676056338,0.352112676056338,0.22535211267605634,0.002389,0.00381,0.020855000000000002,0.036076000000000004,0.036483,0.031421000000000004,0.031828,-430017109.55173117,-620661548.1856253,0.2423994890982275,0.1073814595287861,0.1407148824348193,0.2081307861541863,0.22634015792412226,0.17890972615367315,0.2973439723595436,0.2702269560116463,0.06883045237959941,0.1175733494961391,0.26709857270772275,0.16276674110596345,0.26398630422328323,0.06681625269746526,0.19897078002764587,000789.SZ,54760000.0,4000000.0,0.0,0.0,0.0,0.0,0.0,0.0,0.0,0.0,13029778.0,999983.0,0.0,0.0,24.0,0.62515385,0.007864332710152433,0.6666666666666666,0.3333333333333333,0.0,-0.010915381,-1.0
4,2015-03-31,000001.OF,0.1671098104495807,-0.26880507141314475,0.1705246,0.23333323,0.28777575,0.2921636,0.33243918,0.3454703,7724351124.16,-0.5896504939959648,-0.5346061815180502,-0.6985633647544065,-0.13024406082369722,-0.5798567003635975,0.3097418407264989,0.19139709363511584,-0.02630696331897487,0.14407561645833086,-1.810232788910121,0.352112676056338,0.352112676056338,0.22535211267605634,0.002389,0.00381,0.020855000000000002,0.036076000000000004,0.036483,0.031421000000000004,0.031828,-430017109.55173117,-620661548.1856253,0.2423994890982275,0.1073814595287861,0.1407148824348193,0.2081307861541863,0.22634015792412226,0.17890972615367315,0.2973439723595436,0.2702269560116463,0.06883045237959941,0.1175733494961391,0.26709857270772275,0.16276674110596345,0.26398630422328323,0.06681625269746526,0.19897078002764587,002572.SZ,52816548.0,2468063.0,0.0,0.0,0.0,0.0,0.0,0.0,0.0,0.0,0.0,0.0,0.0,0.0,25.0,1.76232103,0.017189218234833062,0.375,0.625,0.0,0.0014572237,0.13841426
5,2015-03-31,000001.OF,0.1671098104495807,-0.26880507141314475,0.1705246,0.23333323,0.28777575,0.2921636,0.33243918,0.3454703,7724351124.16,-0.5896504939959648,-0.5346061815180502,-0.6985633647544065,-0.13024406082369722,-0.5798567003635975,0.3097418407264989,0.19139709363511584,-0.02630696331897487,0.14407561645833086,-1.810232788910121,0.352112676056338,0.352112676056338,0.22535211267605634,0.002389,0.00381,0.020855000000000002,0.036076000000000004,0.036483,0.031421000000000004,0.031828,-430017109.55173117,-620661548.1856253,0.2423994890982275,0.1073814595287861,0.1407148824348193,0.2081307861541863,0.22634015792412226,0.17890972615367315,0.2973439723595436,0.2702269560116463,0.06883045237959941,0.1175733494961391,0.26709857270772275,0.16276674110596345,0.26398630422328323,0.06681625269746526,0.19897078002764587,002469.SZ,52435516.0,3608776.0,0.0,0.0,0.0,0.0,0.0,0.0,0.0,0.0,0.0,0.0,0.0,0.0,26.0,0.8149244945,0.0143564643020234,1.0,0.0,0.0,-0.010452039,-1.0
6,2015-03-31,000001.OF,0.1671098104495807,-0.26880507141314475,0.1705246,0.23333323,0.28777575,0.2921636,0.33243918,0.3454703,7724351124.16,-0.5896504939959648,-0.5346061815180502,-0.6985633647544065,-0.13024406082369722,-0.5798567003635975,0.3097418407264989,0.19139709363511584,-0.02630696331897487,0.14407561645833086,-1.810232788910121,0.352112676056338,0.352112676056338,0.22535211267605634,0.002389,0.00381,0.020855000000000002,0.036076000000000004,0.036483,0.031421000000000004,0.031828,-430017109.55173117,-620661548.1856253,0.2423994890982275,0.1073814595287861,0.1407148824348193,0.2081307861541863,0.22634015792412226,0.17890972615367315,0.2973439723595436,0.2702269560116463,0.06883045237959941,0.1175733494961391,0.26709857270772275,0.16276674110596345,0.26398630422328323,0.06681625269746526,0.19897078002764587,002452.SZ,50249770.0,2745889.0,0.0,0.0,0.0,0.0,0.0,0.0,0.0,0.0,0.0,0.0,0.0,0.0,27.0,0.5210355870000001,0.003845032307920704,0.3333333333333333,0.6666666666666666,0.0,-0.007788564,-0.777585
7,2015-03-31,000001.OF,0.1671098104495807,-0.26880507141314475,0.1705246,0.23333323,0.28777575,0.2921636,0.33243918,0.3454703,7724351124.16,-0.5896504939959648,-0.5346061815180502,-0.6985633647544065,-0.13024406082369722,-0.5798567003635975,0.3097418407264989,0.19139709363511584,-0.02630696331897487,0.14407561645833086,-1.810232788910121,0.352112676056338,0.352112676056338,0.22535211267605634,0.002389,0.00381,0.020855000000000002,0.036076000000000004,0.036483,0.031421000000000004,0.031828,-430017109.55173117,-620661548.1856253,0.2423994890982275,0.1073814595287861,0.1407148824348193,0.2081307861541863,0.22634015792412226,0.17890972615367315,0.2973439723595436,0.2702269560116463,0.06883045237959941,0.1175733494961391,0.26709857270772275,0.16276674110596345,0.26398630422328323,0.06681625269746526,0.19897078002764587,601566.SH,65788980.0,5099921.0,0.0,0.0,0.0,0.0,0.0,0.0,0.0,0.0,0.0,0.0,0.0,0.0,20.0,0.716055909,0.009235588171891762,0.3333333333333333,0.6666666666666666,0.0,-0.013113719,-0.99999374
8,2015-03-31,000001.OF,0.1671098104495807,-0.26880507141314475,0.1705246,0.23333323,0.28777575,0.2921636,0.33243918,0.3454703,7724351124.16,-0.5896504939959648,-0.5346061815180502,-0.6985633647544065,-0.13024406082369722,-0.5798567003635975,0.3097418407264989,0.19139709363511584,-0.02630696331897487,0.14407561645833086,-1.810232788910121,0.352112676056338,0.352112676056338,0.22535211267605634,0.002389,0.00381,0.020855000000000002,0.036076000000000004,0.036483,0.031421000000000004,0.031828,-430017109.55173117,-620661548.1856253,0.2423994890982275,0.1073814595287861,0.1407148824348193,0.2081307861541863,0.22634015792412226,0.17890972615367315,0.2973439723595436,0.2702269560116463,0.06883045237959941,0.1175733494961391,0.26709857270772275,0.16276674110596345,0.26398630422328323,0.06681625269746526,0.19897078002764587,601318.SH,49992868.0,669159.0,0.0,0.0,56655444.0,1357667.0,0.0,0.0,281189440.0,6208643.0,397001600.0,8679528.0,0.0,0.0,28.0,13.142891306700001,0.048594558002577226,0.7777777777777778,0.08888888888888889,0.13333333333333333,-0.009818732,-0.9853077
9,2015-03-31,000001.OF,0.1671098104495807,-0.26880507141314475,0.1705246,0.23333323,0.28777575,0.2921636,0.33243918,0.3454703,7724351124.16,-0.5896504939959648,-0.5346061815180502,-0.6985633647544065,-0.13024406082369722,-0.5798567003635975,0.3097418407264989,0.19139709363511584,-0.02630696331897487,0.14407561645833086,-1.810232788910121,0.352112676056338,0.352112676056338,0.22535211267605634,0.002389,0.00381,0.020855000000000002,0.036076000000000004,0.036483,0.031421000000000004,0.031828,-430017109.55173117,-620661548.1856253,0.2423994890982275,0.1073814595287861,0.1407148824348193,0.2081307861541863,0.22634015792412226,0.17890972615367315,0.2973439723595436,0.2702269560116463,0.06883045237959941,0.1175733494961391,0.26709857270772275,0.16276674110596345,0.26398630422328323,0.06681625269746526,0.19897078002764587,000898.SZ,49199484.0,7999916.0,0.0,0.0,18396408.0,5730968.0,0.0,0.0,0.0,0.0,0.0,0.0,0.0,0.0,30.0,0.500289585,0.0130830764827665,0.3333333333333333,0.3333333333333333,0.3333333333333333,-0.009806996,-1.0
16,2015-03-31,000001.OF,0.1671098104495807,-0.26880507141314475,0.1705246,0.23333323,0.28777575,0.2921636,0.33243918,0.3454703,7724351124.16,-0.5896504939959648,-0.5346061815180502,-0.6985633647544065,-0.13024406082369722,-0.5798567003635975,0.3097418407264989,0.19139709363511584,-0.02630696331897487,0.14407561645833086,-1.810232788910121,0.352112676056338,0.352112676056338,0.22535211267605634,0.002389,0.00381,0.020855000000000002,0.036076000000000004,0.036483,0.031421000000000004,0.031828,-430017109.55173117,-620661548.1856253,0.2423994890982275,0.1073814595287861,0.1407148824348193,0.2081307861541863,0.22634015792412226,0.17890972615367315,0.2973439723595436,0.2702269560116463,0.06883045237959941,0.1175733494961391,0.26709857270772275,0.16276674110596345,0.26398630422328323,0.06681625269746526,0.19897078002764587,600036.SH,49770000.0,3000000.0,0.0,0.0,0.0,0.0,0.0,0.0,22000000.0,1600000.0,0.0,0.0,0.0,0.0,29.0,2.4047412375,0.02200617546154709,0.6956521739130435,0.21739130434782608,0.08695652173913043,-0.009920718,-1.0
18,2015-03-31,000001.OF,0.1671098104495807,-0.26880507141314475,0.1705246,0.23333323,0.28777575,0.2921636,0.33243918,0.3454703,7724351124.16,-0.5896504939959648,-0.5346061815180502,-0.6985633647544065,-0.13024406082369722,-0.5798567003635975,0.3097418407264989,0.19139709363511584,-0.02630696331897487,0.14407561645833086,-1.810232788910121,0.352112676056338,0.352112676056338,0.22535211267605634,0.002389,0.00381,0.020855000000000002,0.036076000000000004,0.036483,0.031421000000000004,0.031828,-430017109.55173117,-620661548.1856253,0.2423994890982275,0.1073814595287861,0.1407148824348193,0.2081307861541863,0.22634015792412226,0.17890972615367315,0.2973439723595436,0.2702269560116463,0.06883045237959941,0.1175733494961391,0.26709857270772275,0.16276674110596345,0.26398630422328323,0.06681625269746526,0.19897078002764587,002009.SZ,71400000.0,4000000.0,0.0,0.0,0.0,0.0,0.0,0.0,0.0,0.0,0.0,0.0,0.0,0.0,19.0,2.0978257808,0.018735880267601382,0.5,0.5,0.0,0.0032879245,0.23101926
19,2015-03-31,000001.OF,0.1671098104495807,-0.26880507141314475,0.1705246,0.23333323,0.28777575,0.2921636,0.33243918,0.3454703,7724351124.16,-0.5896504939959648,-0.5346061815180502,-0.6985633647544065,-0.13024406082369722,-0.5798567003635975,0.3097418407264989,0.19139709363511584,-0.02630696331897487,0.14407561645833086,-1.810232788910121,0.352112676056338,0.352112676056338,0.22535211267605634,0.002389,0.00381,0.020855000000000002,0.036076000000000004,0.036483,0.031421000000000004,0.031828,-430017109.55173117,-620661548.1856253,0.2423994890982275,0.1073814595287861,0.1407148824348193,0.2081307861541863,0.22634015792412226,0.17890972615367315,0.2973439723595436,0.2702269560116463,0.06883045237959941,0.1175733494961391,0.26709857270772275,0.16276674110596345,0.26398630422328323,0.06681625269746526,0.19897078002764587,000100.SZ,75999624.0,19999902.0,0.0,0.0,0.0,0.0,15926549.0,7016101.0,16022261.0,7316101.0,75644456.0,37263280.0,0.0,0.0,17.0,0.915454276,0.0145132116745506,0.4,0.6,0.0,-0.0009225067,-0.060895145
20,2015-03-31,000001.OF,0.1671098104495807,-0.26880507141314475,0.1705246,0.23333323,0.28777575,0.2921636,0.33243918,0.3454703,7724351124.16,-0.5896504939959648,-0.5346061815180502,-0.6985633647544065,-0.13024406082369722,-0.5798567003635975,0.3097418407264989,0.19139709363511584,-0.02630696331897487,0.14407561645833086,-1.810232788910121,0.352112676056338,0.352112676056338,0.22535211267605634,0.002389,0.00381,0.020855000000000002,0.036076000000000004,0.036483,0.031421000000000004,0.031828,-430017109.55173117,-620661548.1856253,0.2423994890982275,0.1073814595287861,0.1407148824348193,0.2081307861541863,0.22634015792412226,0.17890972615367315,0.2973439723595436,0.2702269560116463,0.06883045237959941,0.1175733494961391,0.26709857270772275,0.16276674110596345,0.26398630422328323,0.06681625269746526,0.19897078002764587,600535.SH,230231400.0,5601737.0,178361700.0,4600508.0,139796270.0,3259414.0,124474056.0,3179414.0,82892670.0,1499777.0,65570252.0,1499777.0,0.0,0.0,2.0,4.044208353,0.013574673825733533,0.08333333333333333,0.5833333333333334,0.3333333333333333,-0.026998656,-0.5883045
21,2015-03-31,000001.OF,0.1671098104495807,-0.26880507141314475,0.1705246,0.23333323,0.28777575,0.2921636,0.33243918,0.3454703,7724351124.16,-0.5896504939959648,-0.5346061815180502,-0.6985633647544065,-0.13024406082369722,-0.5798567003635975,0.3097418407264989,0.19139709363511584,-0.02630696331897487,0.14407561645833086,-1.810232788910121,0.352112676056338,0.352112676056338,0.22535211267605634,0.002389,0.00381,0.020855000000000002,0.036076000000000004,0.036483,0.031421000000000004,0.031828,-430017109.55173117,-620661548.1856253,0.2423994890982275,0.1073814595287861,0.1407148824348193,0.2081307861541863,0.22634015792412226,0.17890972615367315,0.2973439723595436,0.2702269560116463,0.06883045237959941,0.1175733494961391,0.26709857270772275,0.16276674110596345,0.26398630422328323,0.06681625269746526,0.19897078002764587,002279.SZ,214464980.0,7937268.0,181037280.0,7587480.0,0.0,0.0,0.0,0.0,0.0,0.0,0.0,0.0,0.0,0.0,3.0,2.1446498136,0.0427495792284757,0.0,1.0,0.0,0.013973396,0.32686627
22,2015-03-31,000001.OF,0.1671098104495807,-0.26880507141314475,0.1705246,0.23333323,0.28777575,0.2921636,0.33243918,0.3454703,7724351124.16,-0.5896504939959648,-0.5346061815180502,-0.6985633647544065,-0.13024406082369722,-0.5798567003635975,0.3097418407264989,0.19139709363511584,-0.02630696331897487,0.14407561645833086,-1.810232788910121,0.352112676056338,0.352112676056338,0.22535211267605634,0.002389,0.00381,0.020855000000000002,0.036076000000000004,0.036483,0.031421000000000004,0.031828,-430017109.55173117,-620661548.1856253,0.2423994890982275,0.1073814595287861,0.1407148824348193,0.2081307861541863,0.22634015792412226,0.17890972615367315,0.2973439723595436,0.2702269560116463,0.06883045237959941,0.1175733494961391,0.26709857270772275,0.16276674110596345,0.26398630422328323,0.06681625269746526,0.19897078002764587,600019.SH,177265230.0,25287480.0,14349988.0,3499997.0,0.0,0.0,0.0,0.0,0.0,0.0,0.0,0.0,0.0,0.0,4.0,2.604825571,0.025604535822791288,0.7142857142857143,0.14285714285714285,0.14285714285714285,-0.032074437,-0.90773696
23,2015-03-31,000001.OF,0.1671098104495807,-0.26880507141314475,0.1705246,0.23333323,0.28777575,0.2921636,0.33243918,0.3454703,7724351124.16,-0.5896504939959648,-0.5346061815180502,-0.6985633647544065,-0.13024406082369722,-0.5798567003635975,0.3097418407264989,0.19139709363511584,-0.02630696331897487,0.14407561645833086,-1.810232788910121,0.352112676056338,0.352112676056338,0.22535211267605634,0.002389,0.00381,0.020855000000000002,0.036076000000000004,0.036483,0.031421000000000004,0.031828,-430017109.55173117,-620661548.1856253,0.2423994890982275,0.1073814595287861,0.1407148824348193,0.2081307861541863,0.22634015792412226,0.17890972615367315,0.2973439723595436,0.2702269560116463,0.06883045237959941,0.1175733494961391,0.26709857270772275,0.16276674110596345,0.26398630422328323,0.06681625269746526,0.19897078002764587,600270.SH,150407840.0,9199256.0,184334620.0,15259489.0,45854520.0,4499953.0,0.0,0.0,7090000.0,1000000.0,25660686.0,3604029.0,0.0,0.0,5.0,1.504078356,0.0149904931886586,0.0,0.5,0.5,-0.027375827,-0.91310626
24,2015-03-31,000001.OF,0.1671098104495807,-0.26880507141314475,0.1705246,0.23333323,0.28777575,0.2921636,0.33243918,0.3454703,7724351124.16,-0.5896504939959648,-0.5346061815180502,-0.6985633647544065,-0.13024406082369722,-0.5798567003635975,0.3097418407264989,0.19139709363511584,-0.02630696331897487,0.14407561645833086,-1.810232788910121,0.352112676056338,0.352112676056338,0.22535211267605634,0.002389,0.00381,0.020855000000000002,0.036076000000000004,0.036483,0.031421000000000004,0.031828,-430017109.55173117,-620661548.1856253,0.2423994890982275,0.1073814595287861,0.1407148824348193,0.2081307861541863,0.22634015792412226,0.17890972615367315,0.2973439723595436,0.2702269560116463,0.06883045237959941,0.1175733494961391,0.26709857270772275,0.16276674110596345,0.26398630422328323,0.06681625269746526,0.19897078002764587,002326.SZ,142160560.0,7324089.0,111077020.0,7454834.0,53746012.0,4380278.0,0.0,0.0,0.0,0.0,0.0,0.0,0.0,0.0,6.0,1.5962882991000003,0.00817698689380214,0.0,1.0,0.0,0.003115857,0.10995698
25,2015-03-31,000001.OF,0.1671098104495807,-0.26880507141314475,0.1705246,0.23333323,0.28777575,0.2921636,0.33243918,0.3454703,7724351124.16,-0.5896504939959648,-0.5346061815180502,-0.6985633647544065,-0.13024406082369722,-0.5798567003635975,0.3097418407264989,0.19139709363511584,-0.02630696331897487,0.14407561645833086,-1.810232788910121,0.352112676056338,0.352112676056338,0.22535211267605634,0.002389,0.00381,0.020855000000000002,0.036076000000000004,0.036483,0.031421000000000004,0.031828,-430017109.55173117,-620661548.1856253,0.2423994890982275,0.1073814595287861,0.1407148824348193,0.2081307861541863,0.22634015792412226,0.17890972615367315,0.2973439723595436,0.2702269560116463,0.06883045237959941,0.1175733494961391,0.26709857270772275,0.16276674110596345,0.26398630422328323,0.06681625269746526,0.19897078002764587,300248.SZ,141054700.0,4244800.0,17437994.0,999885.0,0.0,0.0,0.0,0.0,0.0,0.0,0.0,0.0,0.0,0.0,7.0,1.42586607,0.014956288300057635,0.6666666666666666,0.3333333333333333,0.0,0.00027085468,0.009633303
26,2015-03-31,000001.OF,0.1671098104495807,-0.26880507141314475,0.1705246,0.23333323,0.28777575,0.2921636,0.33243918,0.3454703,7724351124.16,-0.5896504939959648,-0.5346061815180502,-0.6985633647544065,-0.13024406082369722,-0.5798567003635975,0.3097418407264989,0.19139709363511584,-0.02630696331897487,0.14407561645833086,-1.810232788910121,0.352112676056338,0.352112676056338,0.22535211267605634,0.002389,0.00381,0.020855000000000002,0.036076000000000004,0.036483,0.031421000000000004,0.031828,-430017109.55173117,-620661548.1856253,0.2423994890982275,0.1073814595287861,0.1407148824348193,0.2081307861541863,0.22634015792412226,0.17890972615367315,0.2973439723595436,0.2702269560116463,0.06883045237959941,0.1175733494961391,0.26709857270772275,0.16276674110596345,0.26398630422328323,0.06681625269746526,0.19897078002764587,600373.SH,74591880.0,5599991.0,55999870.0,3999991.0,0.0,0.0,0.0,0.0,0.0,0.0,0.0,0.0,0.0,0.0,18.0,0.9057588012000001,0.00249136727136266,0.1,0.6,0.3,-0.014868495,-1.0
27,2015-03-31,000001.OF,0.1671098104495807,-0.26880507141314475,0.1705246,0.23333323,0.28777575,0.2921636,0.33243918,0.3454703,7724351124.16,-0.5896504939959648,-0.5346061815180502,-0.6985633647544065,-0.13024406082369722,-0.5798567003635975,0.3097418407264989,0.19139709363511584,-0.02630696331897487,0.14407561645833086,-1.810232788910121,0.352112676056338,0.352112676056338,0.22535211267605634,0.002389,0.00381,0.020855000000000002,0.036076000000000004,0.036483,0.031421000000000004,0.031828,-430017109.55173117,-620661548.1856253,0.2423994890982275,0.1073814595287861,0.1407148824348193,0.2081307861541863,0.22634015792412226,0.17890972615367315,0.2973439723595436,0.2702269560116463,0.06883045237959941,0.1175733494961391,0.26709857270772275,0.16276674110596345,0.26398630422328323,0.06681625269746526,0.19897078002764587,000024.SZ,137225760.0,5199915.0,0.0,0.0,0.0,0.0,0.0,0.0,1493543.5,49968.0,98234850.0,4004682.0,0.0,0.0,8.0,6.649403851999999,0.0310018697842208,0.7037037037037037,0.25925925925925924,0.037037037037037035,-0.027353385,-1.0
28,2015-03-31,000001.OF,0.1671098104495807,-0.26880507141314475,0.1705246,0.23333323,0.28777575,0.2921636,0.33243918,0.3454703,7724351124.16,-0.5896504939959648,-0.5346061815180502,-0.6985633647544065,-0.13024406082369722,-0.5798567003635975,0.3097418407264989,0.19139709363511584,-0.02630696331897487,0.14407561645833086,-1.810232788910121,0.352112676056338,0.352112676056338,0.22535211267605634,0.002389,0.00381,0.020855000000000002,0.036076000000000004,0.036483,0.031421000000000004,0.031828,-430017109.55173117,-620661548.1856253,0.2423994890982275,0.1073814595287861,0.1407148824348193,0.2081307861541863,0.22634015792412226,0.17890972615367315,0.2973439723595436,0.2702269560116463,0.06883045237959941,0.1175733494961391,0.26709857270772275,0.16276674110596345,0.26398630422328323,0.06681625269746526,0.19897078002764587,600978.SH,105331720.0,17496964.0,52653004.0,10789550.0,103140000.0,18000000.0,115189580.0,26239084.0,206025200.0,41875040.0,198068940.0,41875040.0,0.0,0.0,10.0,1.1737172328,0.00618572180218004,0.2,0.6,0.2,0.016206574,0.7718921
29,2015-03-31,000001.OF,0.1671098104495807,-0.26880507141314475,0.1705246,0.23333323,0.28777575,0.2921636,0.33243918,0.3454703,7724351124.16,-0.5896504939959648,-0.5346061815180502,-0.6985633647544065,-0.13024406082369722,-0.5798567003635975,0.3097418407264989,0.19139709363511584,-0.02630696331897487,0.14407561645833086,-1.810232788910121,0.352112676056338,0.352112676056338,0.22535211267605634,0.002389,0.00381,0.020855000000000002,0.036076000000000004,0.036483,0.031421000000000004,0.031828,-430017109.55173117,-620661548.1856253,0.2423994890982275,0.1073814595287861,0.1407148824348193,0.2081307861541863,0.22634015792412226,0.17890972615367315,0.2973439723595436,0.2702269560116463,0.06883045237959941,0.1175733494961391,0.26709857270772275,0.16276674110596345,0.26398630422328323,0.06681625269746526,0.19897078002764587,600240.SH,101555180.0,10165684.0,69879624.0,14319595.0,0.0,0.0,0.0,0.0,0.0,0.0,0.0,0.0,3729761.2,499968.0,11.0,1.0155518316,0.005060781159970875,0.0,0.5,0.5,-0.020243125,-1.0
30,2015-03-31,000001.OF,0.1671098104495807,-0.26880507141314475,0.1705246,0.23333323,0.28777575,0.2921636,0.33243918,0.3454703,7724351124.16,-0.5896504939959648,-0.5346061815180502,-0.6985633647544065,-0.13024406082369722,-0.5798567003635975,0.3097418407264989,0.19139709363511584,-0.02630696331897487,0.14407561645833086,-1.810232788910121,0.352112676056338,0.352112676056338,0.22535211267605634,0.002389,0.00381,0.020855000000000002,0.036076000000000004,0.036483,0.031421000000000004,0.031828,-430017109.55173117,-620661548.1856253,0.2423994890982275,0.1073814595287861,0.1407148824348193,0.2081307861541863,0.22634015792412226,0.17890972615367315,0.2973439723595436,0.2702269560116463,0.06883045237959941,0.1175733494961391,0.26709857270772275,0.16276674110596345,0.26398630422328323,0.06681625269746526,0.19897078002764587,600887.SH,95648300.0,3340842.0,246137140.0,7431677.0,378309470.0,9680386.0,279968130.0,8950388.0,189774060.0,8633943.0,275439140.0,13383826.0,231679580.0,11340166.0,12.0,3.5044614485999994,0.01724823716547993,0.15789473684210525,0.21052631578947367,0.631578947368421,0.018081946,0.9484019
31,2015-03-31,000001.OF,0.1671098104495807,-0.26880507141314475,0.1705246,0.23333323,0.28777575,0.2921636,0.33243918,0.3454703,7724351124.16,-0.5896504939959648,-0.5346061815180502,-0.6985633647544065,-0.13024406082369722,-0.5798567003635975,0.3097418407264989,0.19139709363511584,-0.02630696331897487,0.14407561645833086,-1.810232788910121,0.352112676056338,0.352112676056338,0.22535211267605634,0.002389,0.00381,0.020855000000000002,0.036076000000000004,0.036483,0.031421000000000004,0.031828,-430017109.55173117,-620661548.1856253,0.2423994890982275,0.1073814595287861,0.1407148824348193,0.2081307861541863,0.22634015792412226,0.17890972615367315,0.2973439723595436,0.2702269560116463,0.06883045237959941,0.1175733494961391,0.26709857270772275,0.16276674110596345,0.26398630422328323,0.06681625269746526,0.19897078002764587,000503.SZ,90706370.0,2899820.0,19500000.0,1000000.0,54567184.0,2610870.0,0.0,0.0,0.0,0.0,0.0,0.0,0.0,0.0,13.0,1.2033331543999999,0.0108823253949914,0.5,0.5,0.0,-0.011016898,-0.6093209
32,2015-03-31,000001.OF,0.1671098104495807,-0.26880507141314475,0.1705246,0.23333323,0.28777575,0.2921636,0.33243918,0.3454703,7724351124.16,-0.5896504939959648,-0.5346061815180502,-0.6985633647544065,-0.13024406082369722,-0.5798567003635975,0.3097418407264989,0.19139709363511584,-0.02630696331897487,0.14407561645833086,-1.810232788910121,0.352112676056338,0.352112676056338,0.22535211267605634,0.002389,0.00381,0.020855000000000002,0.036076000000000004,0.036483,0.031421000000000004,0.031828,-430017109.55173117,-620661548.1856253,0.2423994890982275,0.1073814595287861,0.1407148824348193,0.2081307861541863,0.22634015792412226,0.17890972615367315,0.2973439723595436,0.2702269560116463,0.06883045237959941,0.1175733494961391,0.26709857270772275,0.16276674110596345,0.26398630422328323,0.06681625269746526,0.19897078002764587,600248.SH,84563000.0,10300000.0,71894000.0,10300000.0,23609662.0,2999957.0,0.0,0.0,0.0,0.0,0.0,0.0,0.0,0.0,14.0,0.84563,0.0168560510222851,0.0,1.0,0.0,-0.01685605,-1.0
33,2015-03-31,000001.OF,0.1671098104495807,-0.26880507141314475,0.1705246,0.23333323,0.28777575,0.2921636,0.33243918,0.3454703,7724351124.16,-0.5896504939959648,-0.5346061815180502,-0.6985633647544065,-0.13024406082369722,-0.5798567003635975,0.3097418407264989,0.19139709363511584,-0.02630696331897487,0.14407561645833086,-1.810232788910121,0.352112676056338,0.352112676056338,0.22535211267605634,0.002389,0.00381,0.020855000000000002,0.036076000000000004,0.036483,0.031421000000000004,0.031828,-430017109.55173117,-620661548.1856253,0.2423994890982275,0.1073814595287861,0.1407148824348193,0.2081307861541863,0.22634015792412226,0.17890972615367315,0.2973439723595436,0.2702269560116463,0.06883045237959941,0.1175733494961391,0.26709857270772275,0.16276674110596345,0.26398630422328323,0.06681625269746526,0.19897078002764587,002444.SZ,81832936.0,7306512.0,99404740.0,10463656.0,29602600.0,3636683.0,19640412.0,1518980.0,13117733.0,1329051.0,0.0,0.0,0.0,0.0,15.0,1.35320472,0.009275477575178366,0.16666666666666666,0.5,0.3333333333333333,-0.0047047297,-0.28842378
34,2015-03-31,000001.OF,0.1671098104495807,-0.26880507141314475,0.1705246,0.23333323,0.28777575,0.2921636,0.33243918,0.3454703,7724351124.16,-0.5896504939959648,-0.5346061815180502,-0.6985633647544065,-0.13024406082369722,-0.5798567003635975,0.3097418407264989,0.19139709363511584,-0.02630696331897487,0.14407561645833086,-1.810232788910121,0.352112676056338,0.352112676056338,0.22535211267605634,0.002389,0.00381,0.020855000000000002,0.036076000000000004,0.036483,0.031421000000000004,0.031828,-430017109.55173117,-620661548.1856253,0.2423994890982275,0.1073814595287861,0.1407148824348193,0.2081307861541863,0.22634015792412226,0.17890972615367315,0.2973439723595436,0.2702269560116463,0.06883045237959941,0.1175733494961391,0.26709857270772275,0.16276674110596345,0.26398630422328323,0.06681625269746526,0.19897078002764587,600576.SH,76599020.0,4687823.0,0.0,0.0,0.0,0.0,0.0,0.0,0.0,0.0,0.0,0.0,0.0,0.0,16.0,0.9036817391999998,0.008765998801331634,0.3333333333333333,0.6666666666666666,0.0,-0.015268582,-1.0
35,2015-03-31,000001.OF,0.1671098104495807,-0.26880507141314475,0.1705246,0.23333323,0.28777575,0.2921636,0.33243918,0.3454703,7724351124.16,-0.5896504939959648,-0.5346061815180502,-0.6985633647544065,-0.13024406082369722,-0.5798567003635975,0.3097418407264989,0.19139709363511584,-0.02630696331897487,0.14407561645833086,-1.810232788910121,0.352112676056338,0.352112676056338,0.22535211267605634,0.002389,0.00381,0.020855000000000002,0.036076000000000004,0.036483,0.031421000000000004,0.031828,-430017109.55173117,-620661548.1856253,0.2423994890982275,0.1073814595287861,0.1407148824348193,0.2081307861541863,0.22634015792412226,0.17890972615367315,0.2973439723595436,0.2702269560116463,0.06883045237959941,0.1175733494961391,0.26709857270772275,0.16276674110596345,0.26398630422328323,0.06681625269746526,0.19897078002764587,600674.SH,120656870.0,5820399.0,0.0,0.0,0.0,0.0,0.0,0.0,0.0,0.0,0.0,0.0,0.0,0.0,9.0,1.4118608049,0.009001422952821506,0.25,0.75,0.0,-0.024050688,-1.0
67,2015-03-31,000001.OF,0.1671098104495807,-0.26880507141314475,0.1705246,0.23333323,0.28777575,0.2921636,0.33243918,0.3454703,7724351124.16,-0.5896504939959648,-0.5346061815180502,-0.6985633647544065,-0.13024406082369722,-0.5798567003635975,0.3097418407264989,0.19139709363511584,-0.02630696331897487,0.14407561645833086,-1.810232788910121,0.352112676056338,0.352112676056338,0.22535211267605634,0.002389,0.00381,0.020855000000000002,0.036076000000000004,0.036483,0.031421000000000004,0.031828,-430017109.55173117,-620661548.1856253,0.2423994890982275,0.1073814595287861,0.1407148824348193,0.2081307861541863,0.22634015792412226,0.17890972615367315,0.2973439723595436,0.2702269560116463,0.06883045237959941,0.1175733494961391,0.26709857270772275,0.16276674110596345,0.26398630422328323,0.06681625269746526,0.19897078002764587,600048.SH,236511970.0,21858776.0,89977410.0,18140608.0,0.0,0.0,175483260.0,17707696.0,223199650.0,16411739.0,132727416.0,11704358.0,20000000.0,2000000.0,1.0,6.4869273676,0.026052546009914197,0.5714285714285714,0.2857142857142857,0.14285714285714285,-0.04714407,-0.9999965
68,2015-03-31,020001.OF,0.33427502683740673,-0.30100148532247095,0.17763162,0.24305558,0.33686256,0.335742,0.37492692,0.36200023,1922876621.51,-0.6075574015039937,-0.7666796987675952,-0.5557072256028056,0.22815647038263775,-0.045461891327417334,0.4091913872165965,-0.15313450077513435,0.3452182846979229,0.12662387985441753,-1.4808981338854397,0.39436619718309857,0.5774647887323944,0.2676056338028169,0.002389,0.00381,0.020855000000000002,0.036076000000000004,0.036483,0.031421000000000004,0.031828,-316616412.685185,140099714.39906225,0.218451765203019,0.0629746417404762,0.2066452856467998,0.29582250492791484,0.21526126780264265,0.2538630371280881,0.2232004298782962,0.35740659098186117,0.05803968511842782,0.10699265729160723,0.2954203721189579,0.1823225784373722,0.23528845116582672,0.10831587168064587,0.16578682124456806,600030.SH,30861136.0,910358.0,0.0,0.0,0.0,0.0,0.0,0.0,0.0,0.0,50266908.0,3979961.0,38839620.0,3999961.0,20.0,2.21999913,0.01861096027207859,0.5238095238095238,0.3333333333333333,0.14285714285714285,-0.017387694,-1.0
69,2015-03-31,020001.OF,0.33427502683740673,-0.30100148532247095,0.17763162,0.24305558,0.33686256,0.335742,0.37492692,0.36200023,1922876621.51,-0.6075574015039937,-0.7666796987675952,-0.5557072256028056,0.22815647038263775,-0.045461891327417334,0.4091913872165965,-0.15313450077513435,0.3452182846979229,0.12662387985441753,-1.4808981338854397,0.39436619718309857,0.5774647887323944,0.2676056338028169,0.002389,0.00381,0.020855000000000002,0.036076000000000004,0.036483,0.031421000000000004,0.031828,-316616412.685185,140099714.39906225,0.218451765203019,0.0629746417404762,0.2066452856467998,0.29582250492791484,0.21526126780264265,0.2538630371280881,0.2232004298782962,0.35740659098186117,0.05803968511842782,0.10699265729160723,0.2954203721189579,0.1823225784373722,0.23528845116582672,0.10831587168064587,0.16578682124456806,600837.SH,29921642.0,1243626.0,0.0,0.0,0.0,0.0,0.0,0.0,0.0,0.0,25037114.0,2599908.0,0.0,0.0,21.0,1.8906535668,0.02062740979477888,0.6470588235294118,0.23529411764705882,0.11764705882352941,-0.016858365,-1.0
70,2015-03-31,020001.OF,0.33427502683740673,-0.30100148532247095,0.17763162,0.24305558,0.33686256,0.335742,0.37492692,0.36200023,1922876621.51,-0.6075574015039937,-0.7666796987675952,-0.5557072256028056,0.22815647038263775,-0.045461891327417334,0.4091913872165965,-0.15313450077513435,0.3452182846979229,0.12662387985441753,-1.4808981338854397,0.39436619718309857,0.5774647887323944,0.2676056338028169,0.002389,0.00381,0.020855000000000002,0.036076000000000004,0.036483,0.031421000000000004,0.031828,-316616412.685185,140099714.39906225,0.218451765203019,0.0629746417404762,0.2066452856467998,0.29582250492791484,0.21526126780264265,0.2538630371280881,0.2232004298782962,0.35740659098186117,0.05803968511842782,0.10699265729160723,0.2954203721189579,0.1823225784373722,0.23528845116582672,0.10831587168064587,0.16578682124456806,002311.SZ,25811504.0,2101914.0,16515000.0,1500000.0,17055000.0,1500000.0,11884639.0,1037054.0,35693652.0,2087348.0,0.0,0.0,0.0,0.0,22.0,0.3733628392,0.012557935154383349,0.25,0.75,0.0,-0.014542644,-1.0
71,2015-03-31,020001.OF,0.33427502683740673,-0.30100148532247095,0.17763162,0.24305558,0.33686256,0.335742,0.37492692,0.36200023,1922876621.51,-0.6075574015039937,-0.7666796987675952,-0.5557072256028056,0.22815647038263775,-0.045461891327417334,0.4091913872165965,-0.15313450077513435,0.3452182846979229,0.12662387985441753,-1.4808981338854397,0.39436619718309857,0.5774647887323944,0.2676056338028169,0.002389,0.00381,0.020855000000000002,0.036076000000000004,0.036483,0.031421000000000004,0.031828,-316616412.685185,140099714.39906225,0.218451765203019,0.0629746417404762,0.2066452856467998,0.29582250492791484,0.21526126780264265,0.2538630371280881,0.2232004298782962,0.35740659098186117,0.05803968511842782,0.10699265729160723,0.2954203721189579,0.1823225784373722,0.23528845116582672,0.10831587168064587,0.16578682124456806,601166.SH,22987900.0,1393206.0,0.0,0.0,0.0,0.0,0.0,0.0,6676000.0,400000.0,15876253.0,1223132.0,44373030.0,3544172.0,23.0,7.55563314,0.028314528404282734,0.65,0.225,0.125,-0.012951776,-1.0
72,2015-03-31,020001.OF,0.33427502683740673,-0.30100148532247095,0.17763162,0.24305558,0.33686256,0.335742,0.37492692,0.36200023,1922876621.51,-0.6075574015039937,-0.7666796987675952,-0.5557072256028056,0.22815647038263775,-0.045461891327417334,0.4091913872165965,-0.15313450077513435,0.3452182846979229,0.12662387985441753,-1.4808981338854397,0.39436619718309857,0.5774647887323944,0.2676056338028169,0.002389,0.00381,0.020855000000000002,0.036076000000000004,0.036483,0.031421000000000004,0.031828,-316616412.685185,140099714.39906225,0.218451765203019,0.0629746417404762,0.2066452856467998,0.29582250492791484,0.21526126780264265,0.2538630371280881,0.2232004298782962,0.35740659098186117,0.05803968511842782,0.10699265729160723,0.2954203721189579,0.1823225784373722,0.23528845116582672,0.10831587168064587,0.16578682124456806,002496.SZ,21111098.0,968399.0,0.0,0.0,0.0,0.0,0.0,0.0,0.0,0.0,0.0,0.0,0.0,0.0,24.0,1.258354642,0.010495122095472067,0.5333333333333333,0.26666666666666666,0.2,-0.011894355,-1.0
73,2015-03-31,020001.OF,0.33427502683740673,-0.30100148532247095,0.17763162,0.24305558,0.33686256,0.335742,0.37492692,0.36200023,1922876621.51,-0.6075574015039937,-0.7666796987675952,-0.5557072256028056,0.22815647038263775,-0.045461891327417334,0.4091913872165965,-0.15313450077513435,0.3452182846979229,0.12662387985441753,-1.4808981338854397,0.39436619718309857,0.5774647887323944,0.2676056338028169,0.002389,0.00381,0.020855000000000002,0.036076000000000004,0.036483,0.031421000000000004,0.031828,-316616412.685185,140099714.39906225,0.218451765203019,0.0629746417404762,0.2066452856467998,0.29582250492791484,0.21526126780264265,0.2538630371280881,0.2232004298782962,0.35740659098186117,0.05803968511842782,0.10699265729160723,0.2954203721189579,0.1823225784373722,0.23528845116582672,0.10831587168064587,0.16578682124456806,600420.SH,19737744.0,943938.0,0.0,0.0,0.0,0.0,0.0,0.0,0.0,0.0,0.0,0.0,0.0,0.0,25.0,0.5400546978,0.007878306579066656,0.4444444444444444,0.3333333333333333,0.2222222222222222,-0.011120583,-1.0
74,2015-03-31,020001.OF,0.33427502683740673,-0.30100148532247095,0.17763162,0.24305558,0.33686256,0.335742,0.37492692,0.36200023,1922876621.51,-0.6075574015039937,-0.7666796987675952,-0.5557072256028056,0.22815647038263775,-0.045461891327417334,0.4091913872165965,-0.15313450077513435,0.3452182846979229,0.12662387985441753,-1.4808981338854397,0.39436619718309857,0.5774647887323944,0.2676056338028169,0.002389,0.00381,0.020855000000000002,0.036076000000000004,0.036483,0.031421000000000004,0.031828,-316616412.685185,140099714.39906225,0.218451765203019,0.0629746417404762,0.2066452856467998,0.29582250492791484,0.21526126780264265,0.2538630371280881,0.2232004298782962,0.35740659098186117,0.05803968511842782,0.10699265729160723,0.2954203721189579,0.1823225784373722,0.23528845116582672,0.10831587168064587,0.16578682124456806,000900.SZ,19656252.0,2800036.0,0.0,0.0,0.0,0.0,0.0,0.0,0.0,0.0,0.0,0.0,0.0,0.0,26.0,0.773339346,0.010737121545222637,0.625,0.375,0.0,-0.01107467,-1.0
75,2015-03-31,020001.OF,0.33427502683740673,-0.30100148532247095,0.17763162,0.24305558,0.33686256,0.335742,0.37492692,0.36200023,1922876621.51,-0.6075574015039937,-0.7666796987675952,-0.5557072256028056,0.22815647038263775,-0.045461891327417334,0.4091913872165965,-0.15313450077513435,0.3452182846979229,0.12662387985441753,-1.4808981338854397,0.39436619718309857,0.5774647887323944,0.2676056338028169,0.002389,0.00381,0.020855000000000002,0.036076000000000004,0.036483,0.031421000000000004,0.031828,-316616412.685185,140099714.39906225,0.218451765203019,0.0629746417404762,0.2066452856467998,0.29582250492791484,0.21526126780264265,0.2538630371280881,0.2232004298782962,0.35740659098186117,0.05803968511842782,0.10699265729160723,0.2954203721189579,0.1823225784373722,0.23528845116582672,0.10831587168064587,0.16578682124456806,300203.SZ,11079922.0,577681.0,0.0,0.0,0.0,0.0,0.0,0.0,24012000.0,1800000.0,32397366.0,2144101.0,37092948.0,2144101.0,27.0,0.9108923403999999,0.006346339225510825,0.4166666666666667,0.4166666666666667,0.16666666666666666,0.0042680628,0.6836976
76,2015-03-31,020001.OF,0.33427502683740673,-0.30100148532247095,0.17763162,0.24305558,0.33686256,0.335742,0.37492692,0.36200023,1922876621.51,-0.6075574015039937,-0.7666796987675952,-0.5557072256028056,0.22815647038263775,-0.045461891327417334,0.4091913872165965,-0.15313450077513435,0.3452182846979229,0.12662387985441753,-1.4808981338854397,0.39436619718309857,0.5774647887323944,0.2676056338028169,0.002389,0.00381,0.020855000000000002,0.036076000000000004,0.036483,0.031421000000000004,0.031828,-316616412.685185,140099714.39906225,0.218451765203019,0.0629746417404762,0.2066452856467998,0.29582250492791484,0.21526126780264265,0.2538630371280881,0.2232004298782962,0.35740659098186117,0.05803968511842782,0.10699265729160723,0.2954203721189579,0.1823225784373722,0.23528845116582672,0.10831587168064587,0.16578682124456806,000528.SZ,32141988.0,2555007.0,0.0,0.0,0.0,0.0,0.0,0.0,0.0,0.0,0.0,0.0,0.0,0.0,19.0,0.566998841,0.019205772261206292,0.8333333333333334,0.16666666666666666,0.0,-0.018109348,-1.0
77,2015-03-31,020001.OF,0.33427502683740673,-0.30100148532247095,0.17763162,0.24305558,0.33686256,0.335742,0.37492692,0.36200023,1922876621.51,-0.6075574015039937,-0.7666796987675952,-0.5557072256028056,0.22815647038263775,-0.045461891327417334,0.4091913872165965,-0.15313450077513435,0.3452182846979229,0.12662387985441753,-1.4808981338854397,0.39436619718309857,0.5774647887323944,0.2676056338028169,0.002389,0.00381,0.020855000000000002,0.036076000000000004,0.036483,0.031421000000000004,0.031828,-316616412.685185,140099714.39906225,0.218451765203019,0.0629746417404762,0.2066452856467998,0.29582250492791484,0.21526126780264265,0.2538630371280881,0.2232004298782962,0.35740659098186117,0.05803968511842782,0.10699265729160723,0.2954203721189579,0.1823225784373722,0.23528845116582672,0.10831587168064587,0.16578682124456806,002051.SZ,37719740.0,1380664.0,0.0,0.0,35401160.0,1735351.0,43730630.0,1735351.0,23190776.0,1138477.0,0.0,0.0,0.0,0.0,18.0,1.8405923852000001,0.018003480140653207,0.6875,0.25,0.0625,-0.021251949,-1.0
78,2015-03-31,020001.OF,0.33427502683740673,-0.30100148532247095,0.17763162,0.24305558,0.33686256,0.335742,0.37492692,0.36200023,1922876621.51,-0.6075574015039937,-0.7666796987675952,-0.5557072256028056,0.22815647038263775,-0.045461891327417334,0.4091913872165965,-0.15313450077513435,0.3452182846979229,0.12662387985441753,-1.4808981338854397,0.39436619718309857,0.5774647887323944,0.2676056338028169,0.002389,0.00381,0.020855000000000002,0.036076000000000004,0.036483,0.031421000000000004,0.031828,-316616412.685185,140099714.39906225,0.218451765203019,0.0629746417404762,0.2066452856467998,0.29582250492791484,0.21526126780264265,0.2538630371280881,0.2232004298782962,0.35740659098186117,0.05803968511842782,0.10699265729160723,0.2954203721189579,0.1823225784373722,0.23528845116582672,0.10831587168064587,0.16578682124456806,002215.SZ,42948630.0,4982440.0,0.0,0.0,0.0,0.0,0.0,0.0,0.0,0.0,0.0,0.0,0.0,0.0,17.0,3.0384302682,0.021891422630274375,0.5,0.5,0.0,-0.024197996,-1.0
79,2015-03-31,020001.OF,0.33427502683740673,-0.30100148532247095,0.17763162,0.24305558,0.33686256,0.335742,0.37492692,0.36200023,1922876621.51,-0.6075574015039937,-0.7666796987675952,-0.5557072256028056,0.22815647038263775,-0.045461891327417334,0.4091913872165965,-0.15313450077513435,0.3452182846979229,0.12662387985441753,-1.4808981338854397,0.39436619718309857,0.5774647887323944,0.2676056338028169,0.002389,0.00381,0.020855000000000002,0.036076000000000004,0.036483,0.031421000000000004,0.031828,-316616412.685185,140099714.39906225,0.218451765203019,0.0629746417404762,0.2066452856467998,0.29582250492791484,0.21526126780264265,0.2538630371280881,0.2232004298782962,0.35740659098186117,0.05803968511842782,0.10699265729160723,0.2954203721189579,0.1823225784373722,0.23528845116582672,0.10831587168064587,0.16578682124456806,002470.SZ,45105276.0,1676776.0,0.0,0.0,0.0,0.0,0.0,0.0,0.0,0.0,0.0,0.0,0.0,0.0,16.0,1.178904874,0.010470215653774321,0.4,0.4,0.2,-0.025413085,-1.0
80,2015-03-31,020001.OF,0.33427502683740673,-0.30100148532247095,0.17763162,0.24305558,0.33686256,0.335742,0.37492692,0.36200023,1922876621.51,-0.6075574015039937,-0.7666796987675952,-0.5557072256028056,0.22815647038263775,-0.045461891327417334,0.4091913872165965,-0.15313450077513435,0.3452182846979229,0.12662387985441753,-1.4808981338854397,0.39436619718309857,0.5774647887323944,0.2676056338028169,0.002389,0.00381,0.020855000000000002,0.036076000000000004,0.036483,0.031421000000000004,0.031828,-316616412.685185,140099714.39906225,0.218451765203019,0.0629746417404762,0.2066452856467998,0.29582250492791484,0.21526126780264265,0.2538630371280881,0.2232004298782962,0.35740659098186117,0.05803968511842782,0.10699265729160723,0.2954203721189579,0.1823225784373722,0.23528845116582672,0.10831587168064587,0.16578682124456806,300058.SZ,159428350.0,7548691.0,148305520.0,5588000.0,144729200.0,2794000.0,166270420.0,3987300.0,191607920.0,8330779.0,194054830.0,11627012.0,176149230.0,5813506.0,1.0,3.1557337152,0.014519095418703576,0.24,0.28,0.48,-0.08982467,-1.0
81,2015-03-31,020001.OF,0.33427502683740673,-0.30100148532247095,0.17763162,0.24305558,0.33686256,0.335742,0.37492692,0.36200023,1922876621.51,-0.6075574015039937,-0.7666796987675952,-0.5557072256028056,0.22815647038263775,-0.045461891327417334,0.4091913872165965,-0.15313450077513435,0.3452182846979229,0.12662387985441753,-1.4808981338854397,0.39436619718309857,0.5774647887323944,0.2676056338028169,0.002389,0.00381,0.020855000000000002,0.036076000000000004,0.036483,0.031421000000000004,0.031828,-316616412.685185,140099714.39906225,0.218451765203019,0.0629746417404762,0.2066452856467998,0.29582250492791484,0.21526126780264265,0.2538630371280881,0.2232004298782962,0.35740659098186117,0.05803968511842782,0.10699265729160723,0.2954203721189579,0.1823225784373722,0.23528845116582672,0.10831587168064587,0.16578682124456806,300043.SZ,148372980.0,11300303.0,181692000.0,9800000.0,113943736.0,6390563.0,87475280.0,8221361.0,90160920.0,5480907.0,92857470.0,5452582.0,84388330.0,5402582.0,2.0,3.8394314023000002,0.013304032238547333,0.0,0.2777777777777778,0.7222222222222222,-0.04381422,-0.5241194
82,2015-03-31,020001.OF,0.33427502683740673,-0.30100148532247095,0.17763162,0.24305558,0.33686256,0.335742,0.37492692,0.36200023,1922876621.51,-0.6075574015039937,-0.7666796987675952,-0.5557072256028056,0.22815647038263775,-0.045461891327417334,0.4091913872165965,-0.15313450077513435,0.3452182846979229,0.12662387985441753,-1.4808981338854397,0.39436619718309857,0.5774647887323944,0.2676056338028169,0.002389,0.00381,0.020855000000000002,0.036076000000000004,0.036483,0.031421000000000004,0.031828,-316616412.685185,140099714.39906225,0.218451765203019,0.0629746417404762,0.2066452856467998,0.29582250492791484,0.21526126780264265,0.2538630371280881,0.2232004298782962,0.35740659098186117,0.05803968511842782,0.10699265729160723,0.2954203721189579,0.1823225784373722,0.23528845116582672,0.10831587168064587,0.16578682124456806,600660.SH,145960830.0,12023133.0,168409140.0,20048708.0,162888480.0,19648792.0,144150800.0,20048792.0,191536800.0,21840000.0,211226380.0,27011046.0,240688590.0,30011046.0,3.0,1.9997557942000002,0.045701808830532556,0.4,0.2,0.4,-0.08217376,-0.99923295
83,2015-03-31,020001.OF,0.33427502683740673,-0.30100148532247095,0.17763162,0.24305558,0.33686256,0.335742,0.37492692,0.36200023,1922876621.51,-0.6075574015039937,-0.7666796987675952,-0.5557072256028056,0.22815647038263775,-0.045461891327417334,0.4091913872165965,-0.15313450077513435,0.3452182846979229,0.12662387985441753,-1.4808981338854397,0.39436619718309857,0.5774647887323944,0.2676056338028169,0.002389,0.00381,0.020855000000000002,0.036076000000000004,0.036483,0.031421000000000004,0.031828,-316616412.685185,140099714.39906225,0.218451765203019,0.0629746417404762,0.2066452856467998,0.29582250492791484,0.21526126780264265,0.2538630371280881,0.2232004298782962,0.35740659098186117,0.05803968511842782,0.10699265729160723,0.2954203721189579,0.1823225784373722,0.23528845116582672,0.10831587168064587,0.16578682124456806,300147.SZ,142241460.0,8527665.0,184140000.0,6820000.0,143739360.0,7727923.0,128943944.0,7684383.0,67327016.0,5911064.0,0.0,0.0,0.0,0.0,4.0,2.3357986451999997,0.02185945546566718,0.1,0.3,0.6,-0.028211072,-0.3520168
84,2015-03-31,020001.OF,0.33427502683740673,-0.30100148532247095,0.17763162,0.24305558,0.33686256,0.335742,0.37492692,0.36200023,1922876621.51,-0.6075574015039937,-0.7666796987675952,-0.5557072256028056,0.22815647038263775,-0.045461891327417334,0.4091913872165965,-0.15313450077513435,0.3452182846979229,0.12662387985441753,-1.4808981338854397,0.39436619718309857,0.5774647887323944,0.2676056338028169,0.002389,0.00381,0.020855000000000002,0.036076000000000004,0.036483,0.031421000000000004,0.031828,-316616412.685185,140099714.39906225,0.218451765203019,0.0629746417404762,0.2066452856467998,0.29582250492791484,0.21526126780264265,0.2538630371280881,0.2232004298782962,0.35740659098186117,0.05803968511842782,0.10699265729160723,0.2954203721189579,0.1823225784373722,0.23528845116582672,0.10831587168064587,0.16578682124456806,601318.SH,123440860.0,1652267.0,0.0,0.0,0.0,0.0,0.0,0.0,16757300.0,370000.0,122935490.0,2687702.0,41327790.0,1199994.0,5.0,13.142891306700001,0.048594558002577226,0.7777777777777778,0.08888888888888889,0.13333333333333333,-0.069548704,-1.0
85,2015-03-31,020001.OF,0.33427502683740673,-0.30100148532247095,0.17763162,0.24305558,0.33686256,0.335742,0.37492692,0.36200023,1922876621.51,-0.6075574015039937,-0.7666796987675952,-0.5557072256028056,0.22815647038263775,-0.045461891327417334,0.4091913872165965,-0.15313450077513435,0.3452182846979229,0.12662387985441753,-1.4808981338854397,0.39436619718309857,0.5774647887323944,0.2676056338028169,0.002389,0.00381,0.020855000000000002,0.036076000000000004,0.036483,0.031421000000000004,0.031828,-316616412.685185,140099714.39906225,0.218451765203019,0.0629746417404762,0.2066452856467998,0.29582250492791484,0.21526126780264265,0.2538630371280881,0.2232004298782962,0.35740659098186117,0.05803968511842782,0.10699265729160723,0.2954203721189579,0.1823225784373722,0.23528845116582672,0.10831587168064587,0.16578682124456806,600335.SH,107356180.0,5987517.0,158968700.0,10118950.0,149391260.0,11500482.0,122485240.0,10604783.0,124285410.0,9934885.0,76780070.0,6355966.0,62214960.0,4428111.0,6.0,1.9645759353,0.02219628874124967,0.2,0.5,0.3,-0.06048509,-0.99997985
86,2015-03-31,020001.OF,0.33427502683740673,-0.30100148532247095,0.17763162,0.24305558,0.33686256,0.335742,0.37492692,0.36200023,1922876621.51,-0.6075574015039937,-0.7666796987675952,-0.5557072256028056,0.22815647038263775,-0.045461891327417334,0.4091913872165965,-0.15313450077513435,0.3452182846979229,0.12662387985441753,-1.4808981338854397,0.39436619718309857,0.5774647887323944,0.2676056338028169,0.002389,0.00381,0.020855000000000002,0.036076000000000004,0.036483,0.031421000000000004,0.031828,-316616412.685185,140099714.39906225,0.218451765203019,0.0629746417404762,0.2066452856467998,0.29582250492791484,0.21526126780264265,0.2538630371280881,0.2232004298782962,0.35740659098186117,0.05803968511842782,0.10699265729160723,0.2954203721189579,0.1823225784373722,0.23528845116582672,0.10831587168064587,0.16578682124456806,600657.SH,104391944.0,12793130.0,0.0,0.0,0.0,0.0,0.0,0.0,0.0,0.0,0.0,0.0,0.0,0.0,7.0,2.2354562352,0.03489038165074767,0.7142857142857143,0.2857142857142857,0.0,-0.05881621,-1.0
87,2015-03-31,020001.OF,0.33427502683740673,-0.30100148532247095,0.17763162,0.24305558,0.33686256,0.335742,0.37492692,0.36200023,1922876621.51,-0.6075574015039937,-0.7666796987675952,-0.5557072256028056,0.22815647038263775,-0.045461891327417334,0.4091913872165965,-0.15313450077513435,0.3452182846979229,0.12662387985441753,-1.4808981338854397,0.39436619718309857,0.5774647887323944,0.2676056338028169,0.002389,0.00381,0.020855000000000002,0.036076000000000004,0.036483,0.031421000000000004,0.031828,-316616412.685185,140099714.39906225,0.218451765203019,0.0629746417404762,0.2066452856467998,0.29582250492791484,0.21526126780264265,0.2538630371280881,0.2232004298782962,0.35740659098186117,0.05803968511842782,0.10699265729160723,0.2954203721189579,0.1823225784373722,0.23528845116582672,0.10831587168064587,0.16578682124456806,600388.SH,63654676.0,1818705.0,0.0,0.0,0.0,0.0,0.0,0.0,0.0,0.0,0.0,0.0,0.0,0.0,9.0,3.545794,0.030545852621017014,0.7727272727272727,0.22727272727272727,0.0,-0.035864133,-1.0
